<?xml version="1.0" encoding="UTF-8"?>
<!DOCTYPE module SYSTEM "module.dtd" >
<module>
  <name>theme-triabeauty</name>
  <displayName>${project.name}</displayName>
  <description>${project.description}</description>
  <versionHandler>info.magnolia.module.templatingkit.setup.ThemeVersionHandler</versionHandler>
  <version>${project.version}</version>
  <properties>
    <property>
        <name>themeName</name>
        <value>triabeauty-theme</value>
    </property>
  </properties>
  <dependencies>
    <dependency>
      <name>standard-templating-kit</name>
      <version>2.0.15/*</version>
    </dependency>
  </dependencies>
</module>