<?xml version="1.0" encoding="UTF-8"?>
<!DOCTYPE module SYSTEM "module.dtd" >
<module>
  <name>tria-us-cms-module</name>
  <displayName>${project.name}</displayName>
  <description>${project.description}</description>
  <class>com.triabeauty.module.USModule</class>
  <!-- <versionHandler>com.triabeauty.online.cms.web.module.setup.USModuleVersionHandler</versionHandler> -->
  <version>${project.version}</version>

  <dependencies>
    <dependency>
      <name>core</name>
      <version>4.5.14/*</version>
    </dependency>
    <dependency>
      <name>rendering</name>
      <version>4.5.14/*</version>
    </dependency>
    <dependency>
      <name>templating</name>
      <version>4.5.14/*</version>
    </dependency>
    <dependency>
      <name>templating-jsp</name>
      <version>4.5.14/*</version>
    </dependency>
    <dependency>
      <name>blossom</name>
      <version>2.0.1/*</version>
    </dependency>
  </dependencies>
</module>