<?xml version="1.0" encoding="UTF-8"?>
<Resources><NodeSiblings /><File name="main" contentUUID="ed45b3e1-3039-4c87-a743-dc07c77f1fa4" resourceId="exchange_ed45b3e1-3039-4c87-a743-dc07c77f1fa45884108240839767004.xml.gz" resourceMD="C2D4E4B5FAB30D918612EC0AE52FDA22"><File name="MetaData" contentUUID="a4253954-56fa-4e3e-addd-aa49d2721344" resourceId="exchange_a4253954-56fa-4e3e-addd-aa49d27213447632111846438698259.xml.gz" resourceMD="65CB0FD6DF29D4205D04F1972B7B1C8E" /><File name="avilableComponents" contentUUID="6ea3ed5c-bb5e-40cc-83a9-f246702f1317" resourceId="exchange_6ea3ed5c-bb5e-40cc-83a9-f246702f13177405943307114591812.xml.gz" resourceMD="43E4963F85276BC6B922855ADD089A1A"><File name="MetaData" contentUUID="74ef51d2-4702-410f-89be-39e0d928a802" resourceId="exchange_74ef51d2-4702-410f-89be-39e0d928a8026932563481588230271.xml.gz" resourceMD="644A849504FEBB805C4071D14D252AD7" /><File name="RegistrationForm" contentUUID="a64a09fd-4c98-4b60-b9f8-b5db9e8884e3" resourceId="exchange_a64a09fd-4c98-4b60-b9f8-b5db9e8884e35699213192735286603.xml.gz" resourceMD="A61EEDA9229ED5F74A6CF8F78E7187BC"><File name="MetaData" contentUUID="9213e48a-c410-4f68-bb51-8fff8ff7ddbb" resourceId="exchange_9213e48a-c410-4f68-bb51-8fff8ff7ddbb1352288885769601530.xml.gz" resourceMD="E2F29AFB305F220B67D3F965CC094D0F" /></File></File></File></Resources>
